321,396,0,-65,-140,-8.99248409271,170.090682983
321,396,0,-65,-140,-8.99248409271,170.090682983
336,386,0,-80,-130,-8.99633312225,173.988525391
351,376,0,-95,-120,-9.02652931213,177.10055542
366,366,0,-110,-110,-8.975689888,-179.116546631
376,356,0,-120,-100,-9.00187206268,-176.313034058
381,351,0,-125,-95,-9.04040718079,-175.074859619
396,341,0,-140,-85,-9.03823852539,-171.255523682
406,336,0,-150,-80,-8.97510433197,-168.845870972
421,321,0,-165,-65,-9.01070022583,-164.33001709
421,321,0,-165,-65,-9.01070022583,-164.33001709
431,311,0,-175,-55,-8.95397758484,-161.104934692
441,296,0,-185,-40,-9.04437351227,-156.162765503
446,291,0,-190,-35,-8.97148799896,-153.985351563
451,281,0,-195,-25,-9.02896118164,-150.806488037
456,276,0,-200,-20,-8.97364902496,-148.452774048
461,271,0,-205,-15,-8.96188545227,-146.286239624
466,261,0,-210,-5,-8.95450019836,-141.380172729
471,0,0,-215,0,-8.88722896576,-139.176025391
476,5,0,-220,5,-8.92666625977,-136.459838867
476,10,0,-220,10,-8.94910430908,-133.855545044
476,15,0,-220,15,-8.99712848663,-131.398757935
476,25,0,-220,25,-8.98567581177,-127.191291809
476,35,0,-220,35,-9.01378250122,-123.852134705
476,35,0,-220,35,-9.01378250122,-123.852134705
476,45,0,-220,45,-8.95326709747,-120.72681427
471,65,0,-215,65,-8.97853374481,-114.290214539
471,65,0,-215,65,-8.97853374481,-114.290214539
466,85,0,-210,85,-8.97340202332,-108.642524719
466,85,0,-210,85,-8.97340202332,-108.642524719
456,100,0,-200,100,-9.04278278351,-103.974327087
451,105,0,-195,105,-9.02084064484,-102.250892639
446,120,0,-190,120,-8.99925136566,-98.5007095337
436,135,0,-180,135,-8.97608089447,-94.0342025757
431,135,0,-175,135,-9.00193214417,-93.4360961914
421,145,0,-165,145,-9.00918197632,-89.9347229004
416,150,0,-160,150,-8.97697734833,-88.2957382202
396,160,0,-140,160,-8.99628543854,-83.0650024414
396,160,0,-140,160,-8.99628543854,-83.0650024414
371,170,0,-115,170,-9.02033901215,-78.1933059692
361,175,0,-105,175,-8.98966598511,-75.6921157837
341,180,0,-85,180,-8.95102024078,-71.2734985352
326,185,0,-70,185,-8.96294593811,-68.089515686
326,185,0,-70,185,-8.96294593811,-68.089515686
311,185,0,-55,185,-9.06567955017,-65.2763519287
291,190,0,-35,190,-8.9726600647,-59.6770629883
291,190,0,-35,190,-8.9726600647,-59.6770629883
281,190,0,-25,190,-9.04707241058,-56.4910354614
271,190,0,-15,190,-9.08232212067,-53.054725647
266,190,0,-10,190,-9.13861179352,-50.391330719
261,195,0,-5,195,-8.87474536896,-46.7870941162
0,195,0,0,195,-8.98936653137,-42.9622306824
0,205,0,0,205,-8.48499965668,-42.2403640747
5,195,0,5,195,-8.97319507599,-38.095615387
10,195,0,10,195,-8.92029285431,-34.0649986267
15,190,0,15,190,-9.11340141296,-30.8752174377
20,190,0,20,190,-9.04404354095,-28.2200679779
30,185,0,30,185,-8.98270893097,-24.5381584167
30,185,0,30,185,-8.98270893097,-24.5381584167
40,180,0,40,180,-9.03054904938,-20.6791038513
50,175,0,50,175,-9.03067874908,-17.3984546661
60,170,0,60,170,-9.05802345276,-14.3863286972
65,165,0,65,165,-9.04206085205,-12.1617383957
85,155,0,85,155,-9.03568840027,-7.37085056305
100,145,0,100,145,-8.99543857574,-3.82031393051
100,145,0,100,145,-8.99543857574,-3.82031393051
110,135,0,110,135,-9.02053165436,-0.473565936089
120,130,0,120,130,-8.97351360321,1.59759736061
135,115,0,135,115,-8.97506427765,5.93140459061
140,110,0,140,110,-8.9738111496,7.98992729187
155,95,0,155,95,-8.9974193573,12.0576410294
160,90,0,160,90,-8.99540233612,14.2130708694
170,75,0,170,75,-9.0659160614,18.8319206238
175,70,0,175,70,-9.01163101196,20.4351634979
180,60,0,180,60,-9.02676200867,23.3504428864
185,55,0,185,55,-8.95057964325,25.143907547
190,45,0,190,45,-8.99199295044,28.4443302155
195,35,0,195,35,-8.98963069916,32.4564781189
200,25,0,200,25,-9.00792694092,36.1979484558
200,25,0,200,25,-9.00792694092,36.1979484558
205,15,0,205,15,-8.97556877136,40.8170928955
205,10,0,205,10,-9.03741359711,43.545009613
210,5,0,210,5,-8.89567375183,45.6295776367
215,0,0,215,0,-9.02018642426,48.4749832153
215,261,0,215,-5,-9.06949043274,51.147731781
215,266,0,215,-10,-9.08403491974,53.4121284485
215,281,0,215,-25,-9.0164937973,59.3165664673
215,281,0,215,-25,-9.0164937973,59.3165664673
215,296,0,215,-40,-8.99980926514,64.2894744873
210,306,0,210,-50,-9.09923744202,68.1165084839
210,311,0,210,-55,-8.99431037903,69.715713501
210,316,0,210,-60,-8.97024822235,71.1340103149
205,326,0,205,-70,-8.97574710846,74.7577514648
200,336,0,200,-80,-8.98395442963,77.946975708
195,341,0,195,-85,-9.04259681702,80.3140563965
185,356,0,185,-100,-9.02238845825,85.0459823608
180,366,0,180,-110,-8.9901342392,87.7656936646
170,371,0,170,-115,-9.02171039581,90.2663192749
160,381,0,160,-125,-8.9994096756,94.0819091797
160,381,0,160,-125,-8.9994096756,94.0819091797
135,396,0,135,-140,-9.04877471924,100.166389465
120,401,0,120,-145,-9.00850486755,103.375366211
120,401,0,120,-145,-9.00850486755,103.375366211
100,406,0,100,-150,-9.02663612366,107.383453369
80,416,0,80,-160,-8.95223331451,112.291351318
75,416,0,75,-160,-8.99983119965,112.935569763
55,421,0,55,-165,-9.04690361023,117.886909485
55,421,0,55,-165,-9.04690361023,117.886909485
35,426,0,35,-170,-8.94710731506,123.575019836
30,426,0,30,-170,-8.97990036011,124.293708801
25,426,0,25,-170,-9.09570789337,126.725540161
15,431,0,15,-175,-8.92717266083,130.389282227
10,431,0,10,-175,-9.01225471497,133.224624634
0,436,0,0,-180,-9.03586483002,138.087631226
0,436,0,0,-180,-9.03586483002,138.087631226
261,401,0,-5,-145,-10.5553951263,144.660964966
261,431,0,-5,-175,-9.09904766083,144.971099854
266,431,0,-10,-175,-9.01882457733,148.723815918
271,431,0,-15,-175,-8.93043136597,151.787307739
276,426,0,-20,-170,-8.96020698547,153.801193237
281,421,0,-25,-165,-9.07117271423,156.907211304
291,416,0,-35,-160,-8.97449874878,160.713745117
291,416,0,-35,-160,-8.97449874878,160.713745117
301,411,0,-45,-155,-8.94766330719,164.128707886
321,396,0,-65,-140,-8.99248409271,170.090682983
321,396,0,-65,-140,-8.99248409271,170.090682983
336,386,0,-80,-130,-8.99633312225,173.988525391
351,376,0,-95,-120,-9.02652931213,177.10055542
