65,240,0,65,240,11.0091438293,-179.708358765
75,235,0,75,235,10.99239254,-176.944961548
85,230,0,85,230,10.9595632553,-174.287704468
100,235,0,100,235,11.0343875885,-171.582214355
110,230,0,110,230,11.0174455643,-168.862564087
120,225,0,120,225,11.0045194626,-166.148513794
130,215,0,130,215,10.9727048874,-163.103012085
140,210,0,140,210,10.9834356308,-159.917877197
150,205,0,150,205,11.0054359436,-157.374954224
160,200,0,160,200,11.0095243454,-154.631713867
165,190,0,165,190,10.9825782776,-152.104766846
180,185,0,180,185,11.015789032,-148.713058472
185,175,0,185,175,11.0011663437,-146.274734497
190,165,0,190,165,10.9906892776,-143.541809082
200,155,0,200,155,11.01359272,-140.353164673
205,145,0,205,145,11.0073451996,-137.736099243
205,130,0,205,130,10.9671859741,-135.149353027
215,120,0,215,120,11.0083055496,-132.442169189
220,105,0,220,105,11.0121765137,-129.420349121
225,90,0,225,90,11.0141582489,-126.45211792
225,75,0,225,75,10.9892044067,-123.813240051
230,60,0,230,60,11.0008745193,-120.683555603
230,45,0,230,45,10.9804544449,-117.883720398
235,35,0,235,35,11.0029668808,-115.346908569
245,25,0,245,25,11.0596694946,-112.703926086
240,10,0,240,10,10.9953508377,-109.535125732
240,0,0,240,0,10.9657859802,-106.439056396
245,261,0,245,-5,11.0233793259,-104.170135498
255,266,0,255,-10,11.1321144104,-101.114715576
250,276,0,250,-20,11.087389946,-98.7502975464
240,286,0,240,-30,10.9994115829,-95.5620040894
240,296,0,240,-40,11.0129871368,-92.7834777832
235,306,0,235,-50,10.9913434982,-90.1283111572
235,316,0,235,-60,11.0124788284,-87.4147109985
235,331,0,235,-75,11.0452346802,-83.9497528076
230,341,0,230,-85,11.0213670731,-81.4002685547
225,351,0,225,-95,11.0134935379,-78.5889053345
220,361,0,220,-105,11.0072612762,-76.1844863892
215,376,0,215,-120,11.0127344131,-72.75
210,386,0,210,-130,11.0120172501,-70.4810028076
205,396,0,205,-140,11.0188808441,-67.7811965942
195,406,0,195,-150,11.003745079,-64.5168228149
190,416,0,190,-160,11.0134992599,-62.0637702942
180,421,0,180,-165,10.9931764603,-59.380771637
170,431,0,170,-175,11.0104179382,-55.9635162354
160,436,0,160,-180,10.9919672012,-53.5309066772
150,441,0,150,-185,10.9875822067,-50.9582481384
140,451,0,140,-195,11.0045480728,-48.1559028625
125,461,0,125,-205,11.0147323608,-44.6807441711
110,466,0,110,-210,10.993268013,-41.7648735046
100,471,0,100,-215,10.9994831085,-39.4152107239
85,476,0,85,-220,11.0089988708,-36.3666267395
70,481,0,70,-225,11.0094804764,-33.4575614929
55,481,0,55,-225,10.9807262421,-30.5558662415
45,486,0,45,-230,10.9995479584,-28.3323402405
30,491,0,30,-235,11.0181264877,-24.951177597
20,491,0,20,-235,10.9966096878,-22.8244857788
5,496,0,5,-240,10.9778680801,-19.3152236938
0,511,0,0,-255,11.0958871841,-16.9303951263
266,501,0,-10,-245,11.0023183823,-14.2155847549
276,501,0,-20,-245,11.0036659241,-11.0060071945
286,501,0,-30,-245,11.0074977875,-7.99889850616
296,501,0,-40,-245,11.0162067413,-5.18232250214
306,496,0,-50,-240,10.979060173,-2.44349002838
316,496,0,-60,-240,10.9939603806,0.168706923723
326,496,0,-70,-240,11.0074157715,2.59539365768
341,496,0,-85,-240,11.0372219086,6.01353311539
351,491,0,-95,-235,11.034286499,8.71908760071
361,486,0,-105,-230,11.0177154541,11.4358215332
371,481,0,-115,-225,11.0022945404,14.2298955917
381,476,0,-125,-220,10.9983739853,16.5973930359
396,471,0,-140,-215,10.990240097,19.9341182709
406,466,0,-150,-210,10.99472332,22.644865036
416,461,0,-160,-205,11.0121908188,25.0810623169
421,451,0,-165,-195,10.9760026932,27.8519649506
436,446,0,-180,-190,11.0216369629,31.1304683685
441,436,0,-185,-180,10.9989471436,33.8292045593
446,426,0,-190,-170,10.987112999,36.4677886963
451,416,0,-195,-160,10.9775056839,39.148525238
461,406,0,-205,-150,11.0145349503,42.3665733337
466,396,0,-210,-140,11.016825676,44.71534729
471,381,0,-215,-125,11.0125818253,47.7296943665
476,366,0,-220,-110,11.0133829117,50.737285614
481,351,0,-225,-95,11.0131483078,53.6371765137
481,336,0,-225,-80,10.9854669571,56.4777488708
486,321,0,-230,-65,10.9924974442,59.5062675476
491,311,0,-235,-55,11.0114345551,61.537109375
491,296,0,-235,-40,10.9901742935,64.3721160889
496,281,0,-240,-25,10.993350029,67.641960144
501,271,0,-245,-15,11.0214357376,70.0060882568
506,261,0,-250,-5,11.0464105606,72.9769592285
501,5,0,-245,5,10.9971485138,76.3497009277
501,10,0,-245,10,11.0016508102,78.4111862183
501,20,0,-245,20,11.0105762482,81.5217132568
501,30,0,-245,30,11.0249290466,84.7130355835
496,40,0,-240,40,10.9907217026,87.4603042603
496,50,0,-240,50,11.0029983521,89.9444885254
491,60,0,-235,60,10.9990339279,92.8863601685
486,70,0,-230,70,10.9841451645,95.5751876831
486,85,0,-230,85,11.0151777267,98.844581604
476,90,0,-220,90,10.9652004242,101.131668091
476,105,0,-220,105,11.0069961548,104.131011963
466,115,0,-210,115,10.9595766068,107.096603394
466,130,0,-210,130,11.0129508972,109.732749939
461,140,0,-205,140,11.0189294815,112.323410034
451,150,0,-195,150,10.9872436523,115.400360107
441,160,0,-185,160,10.9774265289,118.486106873
436,170,0,-180,170,11.0005321503,120.975723267
426,180,0,-170,180,11.0090408325,123.974655151
416,185,0,-160,185,10.9934215546,126.433372498
406,195,0,-150,195,11.0141267776,129.435562134
391,195,0,-135,195,10.9654607773,132.014556885
381,205,0,-125,205,11.022354126,135.024032593
366,210,0,-110,210,11.0043182373,137.992721558
351,215,0,-95,215,11.0005683899,140.935836792
336,220,0,-80,220,10.9994487762,143.876739502
326,225,0,-70,225,11.005191803,145.906555176
311,230,0,-55,230,11.0105199814,148.905914307
296,230,0,-40,230,10.9833726883,151.677078247
281,235,0,-25,235,10.9877767563,155.0103302
271,240,0,-15,240,10.9958562851,157.318634033
261,245,0,-5,245,11.0187120438,159.985031128
5,245,0,5,245,11.0189990997,163.231445313
10,255,0,10,255,11.1151075363,165.848175049
20,250,0,20,250,11.0738229752,168.447738647
30,240,0,30,240,10.9817399979,171.318359375
40,240,0,40,240,10.9889144897,174.15284729
50,235,0,50,235,10.9610137939,176.909942627
