255,125,0,255,125,9.91803359985,-179.990814209
255,105,0,255,105,9.87949848175,-177.04725647
255,90,0,255,90,9.85415267944,-174.832901001
255,70,0,255,70,9.81844139099,-171.672546387
255,50,0,255,50,9.78534317017,-168.388519287
255,35,0,255,35,9.75854587555,-165.903717041
255,20,0,255,20,9.72839164734,-163.226852417
255,5,0,255,5,9.68966960907,-160.401443481
255,261,0,255,-5,9.68329811096,-157.352966309
250,271,0,250,-15,9.62295341492,-154.515045166
250,281,0,250,-25,9.64838886261,-151.81149292
255,291,0,255,-35,9.7524061203,-148.718704224
255,301,0,255,-45,9.78413200378,-146.023986816
250,316,0,250,-60,9.74233818054,-143.109710693
255,326,0,255,-70,9.85251808167,-140.734970093
255,341,0,255,-85,9.89794826508,-137.728469849
255,356,0,255,-100,9.94011116028,-134.988204956
255,371,0,255,-115,9.98886489868,-132.433029175
255,391,0,255,-135,10.0476942062,-129.063537598
255,406,0,255,-150,10.1007976532,-126.651527405
255,426,0,255,-170,10.1693811417,-123.331466675
255,441,0,255,-185,10.2211503983,-120.930152893
255,461,0,255,-205,10.2931623459,-117.698242188
255,476,0,255,-220,10.3454847336,-115.293495178
255,496,0,255,-240,10.4086723328,-112.089958191
255,506,0,255,-250,10.4491691589,-109.910186768
240,511,0,240,-255,10.3582773209,-106.716133118
220,511,0,220,-255,10.2661952972,-104.031318665
200,511,0,200,-255,10.1898193359,-101.014129639
185,511,0,185,-255,10.1359624863,-98.6128463745
165,511,0,165,-255,10.086353302,-95.4169921875
150,511,0,150,-255,10.0483665466,-92.9686126709
130,511,0,130,-255,9.97746658325,-90.1885452271
110,511,0,110,-255,9.92866039276,-87.3617019653
90,511,0,90,-255,9.89187431335,-84.2186279297
75,511,0,75,-255,9.86716842651,-81.8123550415
55,511,0,55,-255,9.83836746216,-78.4277801514
40,511,0,40,-255,9.81799888611,-75.8544921875
25,511,0,25,-255,9.78970050812,-73.14427948
10,511,0,10,-255,9.7373714447,-70.4909210205
261,511,0,-5,-255,9.69978046417,-67.0927124023
271,506,0,-15,-250,9.63150310516,-64.6608200073
281,506,0,-25,-250,9.64401245117,-61.8343238831
291,511,0,-35,-255,9.74620246887,-58.6378555298
301,511,0,-45,-255,9.76291847229,-56.2516822815
316,506,0,-60,-250,9.71733093262,-53.2094345093
326,511,0,-70,-255,9.82154178619,-50.7788314819
341,511,0,-85,-255,9.86276435852,-47.8352088928
356,511,0,-100,-255,9.91006565094,-44.8587722778
371,511,0,-115,-255,9.95611763,-42.1880378723
391,511,0,-135,-255,9.98606300354,-39.0410194397
406,511,0,-150,-255,10.0353450775,-36.5164413452
421,511,0,-165,-255,10.0864572525,-33.9371871948
441,511,0,-185,-255,10.1554059982,-30.605052948
456,511,0,-200,-255,10.2127456665,-28.0094623566
471,511,0,-215,-255,10.2745685577,-25.4345684052
491,511,0,-235,-255,10.3243961334,-22.2297458649
506,511,0,-250,-255,10.3745994568,-19.4207439423
511,501,0,-255,-245,10.3085508347,-16.8353443146
511,481,0,-255,-225,10.2034807205,-13.9583072662
511,461,0,-255,-205,10.120891571,-11.1819763184
511,446,0,-255,-190,10.0641536713,-8.83156394958
511,426,0,-255,-170,9.993932724,-5.7463312149
511,406,0,-255,-150,9.93713092804,-2.57124352455
511,391,0,-255,-135,9.89966392517,-0.27782613039
511,371,0,-255,-115,9.85310554504,2.74806118011
511,351,0,-255,-95,9.82299137115,5.57830619812
511,336,0,-255,-80,9.79441070557,8.23822212219
511,316,0,-255,-60,9.76198005676,11.3971481323
511,301,0,-255,-45,9.73819065094,13.8812704086
511,286,0,-255,-30,9.71900558472,16.5749607086
511,271,0,-255,-15,9.68924236298,19.4261741638
511,0,0,-255,0,9.64449501038,22.7833938599
501,10,0,-245,10,9.52440166473,25.6148090363
511,15,0,-255,15,9.68605995178,28.2731075287
511,25,0,-255,25,9.71009254456,30.9370746613
511,35,0,-255,35,9.73679256439,33.4602050781
511,50,0,-255,50,9.77758789063,36.9697189331
511,60,0,-255,60,9.80851745605,39.3761291504
511,75,0,-255,75,9.8558216095,42.379776001
511,90,0,-255,90,9.89978694916,45.2538337708
511,105,0,-255,105,9.94441223145,47.9002685547
511,120,0,-255,120,9.99355602264,50.3328552246
511,140,0,-255,140,10.0562477112,53.525390625
511,160,0,-255,160,10.1217851639,56.5933570862
511,175,0,-255,175,10.1785917282,59.0984725952
511,195,0,-255,195,10.2458658218,62.0858459473
511,210,0,-255,210,10.3000793457,64.3297195435
511,230,0,-255,230,10.3758401871,67.6264419556
511,245,0,-255,245,10.4290914536,70.306137085
511,255,0,-255,255,10.4691133499,72.7963485718
486,255,0,-230,255,10.3495664597,76.0920562744
471,255,0,-215,255,10.2859230042,78.286895752
446,255,0,-190,255,10.1768465042,81.6605072021
426,255,0,-170,255,10.1087970734,84.4722976685
411,255,0,-155,255,10.0606441498,86.7568130493
391,255,0,-135,255,10.0131578445,89.6555633545
371,255,0,-115,255,9.98798561096,92.7980499268
351,255,0,-95,255,9.93467903137,95.4902267456
331,255,0,-75,255,9.88268661499,98.4478149414
316,255,0,-60,255,9.85085105896,100.761825562
296,255,0,-40,255,9.79992294312,103.931816101
281,255,0,-25,255,9.76147651672,106.510948181
266,255,0,-10,255,9.71761322021,109.204589844
5,255,0,5,255,9.70998859406,112.830848694
15,250,0,15,250,9.64755535126,115.233474731
25,255,0,25,255,9.73788166046,118.556182861
35,255,0,35,255,9.74638938904,121.087585449
45,255,0,45,255,9.75741767883,123.33543396
60,255,0,60,255,9.77522468567,126.582176208
75,255,0,75,255,9.80561351776,129.672637939
90,255,0,90,255,9.84158039093,132.509170532
105,255,0,105,255,9.87840843201,135.287109375
120,255,0,120,255,9.91736221313,137.951278687
135,255,0,135,255,9.97727108002,140.441848755
150,255,0,150,255,10.0355072021,143.171463013
170,255,0,170,255,10.0926141739,146.475585938
185,255,0,185,255,10.1390857697,148.812988281
205,255,0,205,255,10.210606575,152.123855591
220,255,0,220,255,10.2691726685,154.641265869
240,255,0,240,255,10.338807106,157.925735474
250,255,0,250,255,10.3864898682,160.094726563
255,245,0,255,245,10.329785347,162.738006592
255,225,0,255,225,10.2269935608,165.550567627
255,200,0,255,200,10.1316890717,169.008346558
255,185,0,255,185,10.075709343,171.268295288
255,165,0,255,165,10.0113639832,174.283157349
255,145,0,255,145,9.95451927185,177.337203979
