504,280,0,-248,-24,6.50016021729,169.535614014
504,276,0,-248,-20,6.48630189896,171.046737671
504,272,0,-248,-16,6.46954584122,172.846313477
508,260,0,-252,-4,6.54421234131,177.457473755
508,0,0,-252,0,6.50268793106,-178.476242065
504,0,0,-248,0,6.35995101929,-177.163711548
508,4,0,-252,4,6.49288415909,-175.024246216
508,16,0,-252,16,6.49726676941,-169.562149048
508,20,0,-252,20,6.50431537628,-168.105072021
508,32,0,-252,32,6.52348947525,-165.008102417
508,56,0,-252,56,6.56474304199,-160.778213501
504,64,0,-248,64,6.47432184219,-157.662109375
504,76,0,-248,76,6.50351142883,-156.131164551
508,160,0,-252,160,6.69710111618,-151.972564697
500,112,0,-244,112,6.49934005737,-151.162902832
496,136,0,-240,136,6.49779415131,-147.659637451
492,152,0,-236,152,6.49394273758,-145.102935791
484,176,0,-228,176,6.49998855591,-140.933258057
480,184,0,-224,184,6.50130319595,-139.20741272
464,204,0,-208,204,6.50050592422,-133.886856079
460,208,0,-204,208,6.49847459793,-132.872375488
448,216,0,-192,216,6.49914932251,-129.992370605
432,224,0,-176,224,6.50408792496,-126.732658386
420,228,0,-164,228,6.50075101852,-124.478012085
404,232,0,-148,232,6.50175952911,-121.817626953
380,236,0,-124,236,6.50013160706,-118.18371582
364,240,0,-108,240,6.49782800674,-115.839569092
332,244,0,-76,244,6.49888753891,-110.986221313
324,244,0,-68,244,6.48314523697,-109.492126465
296,248,0,-40,248,6.50302600861,-104.174461365
292,248,0,-36,248,6.49367427826,-103.188346863
284,248,0,-28,248,6.46758937836,-100.558250427
276,248,0,-20,248,6.44702625275,-97.9781036377
264,252,0,-8,252,6.5275592804,-94.2528762817
260,252,0,-4,252,6.52103042603,-91.9830551147
0,252,0,0,252,6.45017385483,-88.3282699585
4,252,0,4,252,6.44172668457,-85.0830307007
12,252,0,12,252,6.44034719467,-80.6344070435
20,252,0,20,252,6.46246433258,-77.5216751099
28,252,0,28,252,6.48065376282,-75.2859268188
32,252,0,32,252,6.49965286255,-74.1620330811
72,252,0,72,252,6.59230089188,-68.3515472412
68,248,0,68,248,6.48956108093,-65.5066223145
72,248,0,72,248,6.49797153473,-65.0502548218
100,244,0,100,244,6.50170612335,-60.0974960327
120,240,0,120,240,6.49388456345,-56.4971351624
132,236,0,132,236,6.49967718124,-54.8237876892
144,232,0,144,232,6.49759864807,-52.3117256165
164,224,0,164,224,6.49501609802,-48.2390136719
172,220,0,172,220,6.5038895607,-47.0845489502
188,208,0,188,208,6.50141620636,-42.9054145813
200,192,0,200,192,6.49243497849,-38.9767951965
208,180,0,208,180,6.50042676926,-36.5797348022
212,172,0,212,172,6.50579214096,-35.1872940063
220,152,0,220,152,6.5032377243,-31.6301441193
228,120,0,228,120,6.50066804886,-26.8523597717
232,100,0,232,100,6.50019407272,-23.888092041
236,80,0,236,80,6.50619411469,-20.8298625946
236,76,0,236,76,6.4978723526,-20.3044166565
240,56,0,240,56,6.50376462936,-16.7413272858
240,48,0,240,48,6.47907304764,-14.7233963013
244,28,0,244,28,6.49928951263,-10.5362710953
244,20,0,244,20,6.4652094841,-7.3567738533
248,8,0,248,8,6.51181364059,-3.51503300667
248,4,0,248,4,6.4969201088,-0.911324381828
248,0,0,248,0,6.47180938721,2.74260807037
252,260,0,252,-4,6.53170013428,5.2303609848
252,264,0,252,-8,6.53375387192,7.60651636124
252,272,0,252,-16,6.54041385651,10.571855545
252,284,0,252,-28,6.55703020096,14.4682750702
248,288,0,248,-32,6.46931934357,17.3685760498
248,300,0,248,-44,6.49890327454,19.9710826874
248,308,0,248,-52,6.51515817642,21.1370697021
244,336,0,244,-80,6.49760341644,26.6418228149
244,340,0,244,-84,6.50743103027,27.0835189819
240,368,0,240,-112,6.50445747375,31.3164558411
236,380,0,236,-124,6.49962091446,33.8605155945
232,396,0,232,-140,6.49598693848,36.4153060913
224,420,0,224,-164,6.49366092682,40.4690704346
220,428,0,220,-172,6.49704408646,42.1957588196
204,452,0,204,-196,6.49720573425,47.4376602173
200,456,0,200,-200,6.50414800644,48.4847869873
184,468,0,184,-212,6.50137996674,52.2459030151
176,472,0,176,-216,6.5012345314,53.8111076355
144,484,0,144,-228,6.50348043442,59.3148651123
128,488,0,128,-232,6.50185966492,61.8270072937
104,492,0,104,-236,6.5043926239,65.194442749
88,496,0,88,-240,6.50073432922,67.4863739014
64,500,0,64,-244,6.51487398148,71.3400878906
60,500,0,60,-244,6.50372934341,72.3024520874
48,500,0,48,-244,6.47139692307,74.7845458984
28,504,0,28,-248,6.50347328186,79.5884017944
24,504,0,24,-248,6.48898792267,80.8126449585
16,504,0,16,-248,6.46136713028,83.7974700928
4,508,0,4,-252,6.53397464752,88.3889770508
0,508,0,0,-252,6.51170873642,91.5936737061
260,508,0,-4,-252,6.46153688431,95.266204834
264,508,0,-8,-252,6.46336984634,97.5971374512
268,508,0,-12,-252,6.46542549133,99.5216903687
280,508,0,-24,-252,6.48677253723,103.833358765
284,508,0,-28,-252,6.49549484253,104.891860962
296,508,0,-40,-252,6.52709293365,107.517036438
340,508,0,-84,-252,6.61596679688,112.901893616
328,504,0,-72,-248,6.50038719177,114.875091553
436,508,0,-180,-252,6.74803590775,118.366249084
360,500,0,-104,-244,6.50309228897,119.971221924
392,492,0,-136,-236,6.49916744232,124.839958191
408,488,0,-152,-232,6.49885749817,127.412956238
420,484,0,-164,-228,6.50055170059,129.430709839
440,472,0,-184,-216,6.49762773514,133.736343384
452,464,0,-196,-208,6.50889778137,136.262054443
460,452,0,-204,-196,6.49599266052,139.055145264
464,448,0,-208,-192,6.50032186508,139.973434448
476,424,0,-220,-168,6.49850988388,144.501876831
484,400,0,-228,-144,6.49943637848,148.422912598
488,384,0,-232,-128,6.50185585022,150.846954346
492,360,0,-236,-104,6.49957084656,154.084365845
496,340,0,-240,-84,6.50559854507,156.924545288
496,336,0,-240,-80,6.49106216431,157.852661133
500,312,0,-244,-56,6.50423622131,161.866699219
500,304,0,-244,-48,6.48165035248,163.825744629
504,280,0,-248,-24,6.50016021729,169.535614014
504,276,0,-248,-20,6.48630189896,171.046737671
504,272,0,-248,-16,6.46954584122,172.846313477
508,260,0,-252,-4,6.54421234131,177.457473755
508,0,0,-252,0,6.50268793106,-178.476242065
504,0,0,-248,0,6.35995101929,-177.163711548
508,4,0,-252,4,6.49288415909,-175.024246216
