452,268,0,-196,-12,-11.7770204544,168.554702759
456,264,0,-200,-8,-11.9511384964,171.425354004
468,260,0,-212,-4,-11.8183050156,174.199279785
480,0,0,-224,0,-11.8349018097,178.099334717
484,4,0,-228,4,-11.9544467926,-177.424484253
484,4,0,-228,4,-11.9544467926,-177.424484253
488,8,0,-232,8,-11.8037939072,-173.697433472
492,12,0,-236,12,-11.8198375702,-170.178024292
496,16,0,-240,16,-11.8252496719,-166.80090332
496,20,0,-240,20,-11.9116249084,-164.165985107
500,24,0,-244,24,-11.8155555725,-161.913406372
500,28,0,-244,28,-11.7601804733,-160.282318115
500,36,0,-244,36,-11.855509758,-155.689666748
500,44,0,-244,44,-11.8032951355,-152.483276367
500,48,0,-244,48,-11.7882213593,-150.032485962
500,56,0,-244,56,-11.8031539917,-147.299468994
496,64,0,-240,64,-11.9465065002,-143.655502319
496,76,0,-240,76,-11.8315029144,-139.935058594
496,84,0,-240,84,-11.7805986404,-137.499267578
492,88,0,-236,88,-11.7600679398,-136.015701294
488,100,0,-232,100,-11.790055275,-132.444519043
484,108,0,-228,108,-11.8522443771,-129.376983643
476,116,0,-220,116,-11.8885097504,-125.132522583
476,128,0,-220,128,-11.7721633911,-123.059303284
472,136,0,-216,136,-11.7833003998,-119.724388123
464,140,0,-208,140,-11.8466348648,-117.360069275
456,148,0,-200,148,-11.795633316,-114.218612671
456,152,0,-200,152,-11.751285553,-112.907920837
440,156,0,-184,156,-11.7967433929,-108.438903809
432,164,0,-176,164,-11.7565698624,-105.118812561
416,164,0,-160,164,-11.8063688278,-101.801246643
408,168,0,-152,168,-11.8006105423,-99.2345657349
400,168,0,-144,168,-11.7840833664,-97.6057891846
388,172,0,-132,172,-11.7837352753,-94.7114257813
372,172,0,-116,172,-11.7920331955,-91.7442703247
356,172,0,-100,172,-11.7758846283,-88.7675628662
340,172,0,-84,172,-11.7939014435,-84.9529495239
328,168,0,-72,168,-11.9402742386,-82.74974823
312,168,0,-56,168,-11.8448133469,-79.8257980347
296,160,0,-40,160,-11.8860502243,-76.3628616333
288,164,0,-32,164,-11.7986965179,-74.1278686523
276,160,0,-20,160,-11.7745018005,-70.7715301514
264,152,0,-8,152,-11.9200325012,-67.4813308716
0,148,0,0,148,-11.8844356537,-64.1140060425
8,144,0,8,144,-11.7983970642,-60.2336082458
16,140,0,16,140,-11.7831029892,-57.4915618896
24,128,0,24,128,-11.8781805038,-53.7971572876
36,116,0,36,116,-11.9251356125,-51.0617408752
48,112,0,48,112,-11.7604579926,-47.9792900085
60,104,0,60,104,-11.7625818253,-45.079158783
72,92,0,72,92,-11.8705778122,-41.9895515442
84,88,0,84,88,-11.7600183487,-40.0298423767
88,80,0,88,80,-11.8292655945,-38.3448524475
108,68,0,108,68,-11.8031511307,-35.5131912231
124,56,0,124,56,-11.875161171,-31.9634819031
140,48,0,140,48,-11.7684278488,-29.1152038574
152,40,0,152,40,-11.7648868561,-26.4807128906
160,32,0,160,32,-12.0534324646,-23.5017967224
180,24,0,180,24,-11.8377017975,-19.7834205627
192,16,0,192,16,-11.9047460556,-15.9476137161
204,12,0,204,12,-11.7640552521,-12.6230287552
212,8,0,212,8,-11.8008069992,-10.0643577576
216,4,0,216,4,-11.9743757248,-7.35925483704
228,0,0,228,0,-11.7659664154,-3.3766374588
232,260,0,232,-4,-11.9321718216,0.879402041435
232,260,0,232,-4,-11.9321718216,0.879402041435
240,264,0,240,-8,-11.7769603729,4.63103294373
240,268,0,240,-12,-11.9258775711,7.85369968414
244,272,0,244,-16,-11.9247331619,11.6154966354
248,276,0,248,-20,-11.7900123596,13.6337060928
248,280,0,248,-24,-11.8201551437,16.2061042786
248,288,0,248,-32,-12.0050058365,20.4860038757
252,292,0,252,-36,-11.7687444687,21.7177276611
248,300,0,248,-44,-11.9366502762,25.8308963776
252,308,0,252,-52,-11.7685441971,28.5644874573
252,316,0,252,-60,-11.7504234314,31.0247688293
248,324,0,248,-68,-11.9813165665,34.6728401184
248,336,0,248,-80,-11.8704061508,38.6001052856
248,344,0,248,-88,-11.7713747025,39.904045105
244,352,0,244,-96,-11.847577095,44.4155311584
244,364,0,244,-108,-11.81254673,46.578327179
240,376,0,240,-120,-11.7828073502,50.2328987122
236,380,0,236,-124,-11.8556013107,52.0768814087
232,388,0,232,-132,-11.8395690918,55.1828041077
228,396,0,228,-140,-11.8051233292,57.5704269409
220,404,0,220,-148,-11.8120574951,61.4119529724
212,408,0,212,-152,-11.7968387604,64.4789962769
208,412,0,208,-156,-11.7749509811,67.1877670288
196,420,0,196,-164,-11.7676782608,70.8002319336
192,420,0,192,-164,-11.8092594147,72.1866378784
180,424,0,180,-168,-11.7892436981,75.1781539917
172,428,0,172,-172,-11.762468338,77.698890686
160,428,0,160,-172,-11.8317613602,80.8476257324
144,428,0,144,-172,-11.8373098373,83.8060684204
136,432,0,136,-176,-11.7745485306,86.402305603
116,432,0,116,-176,-11.7674350739,90.3434753418
100,428,0,100,-172,-11.880408287,92.6810760498
88,428,0,88,-172,-11.7879199982,95.515625
72,428,0,72,-172,-11.7605009079,98.943321228
60,424,0,60,-168,-11.8796510696,101.530197144
48,420,0,48,-164,-11.8733110428,104.464027405
36,420,0,36,-164,-11.7984476089,107.225868225
24,416,0,24,-160,-11.816699028,110.244895935
12,412,0,12,-156,-11.7643957138,113.723045349
0,400,0,0,-144,-11.8777303696,118.345619202
260,400,0,-4,-144,-11.8133926392,120.042007446
272,376,0,-16,-120,-12.2320518494,124.793540955
276,384,0,-20,-128,-11.7773895264,126.737014771
288,372,0,-32,-116,-11.8150653839,130.05758667
296,364,0,-40,-108,-11.9076004028,133.651306152
312,352,0,-56,-96,-11.8114719391,136.661026001
324,344,0,-68,-88,-11.8080129623,139.339370728
332,336,0,-76,-80,-11.8312530518,141.377075195
340,332,0,-84,-76,-11.8244609833,143.17388916
360,316,0,-104,-60,-11.8526878357,147.87588501
368,312,0,-112,-56,-11.831656456,148.917541504
388,300,0,-132,-44,-11.8622140884,153.461257935
400,296,0,-144,-40,-11.7709770203,155.125747681
404,288,0,-148,-32,-11.914229393,157.936233521
428,280,0,-172,-24,-11.7568044662,161.857818604
440,272,0,-184,-16,-11.83203125,165.691665649
452,268,0,-196,-12,-11.7770204544,168.554702759
456,264,0,-200,-8,-11.9511384964,171.425354004
468,260,0,-212,-4,-11.8183050156,174.199279785
480,0,0,-224,0,-11.8349018097,178.099334717
484,4,0,-228,4,-11.9544467926,-177.424484253
484,4,0,-228,4,-11.9544467926,-177.424484253
488,8,0,-232,8,-11.8037939072,-173.697433472
